{"cameraMode":{"drawMode":0,"name":"Shaded","section":"Shading Mode"},"sceneLighting":false,"audioPlay":false,"sceneViewState":{"m_AlwaysRefresh":false,"showFog":true,"showSkybox":false,"showFlares":true,"showImageEffects":true,"showParticleSystems":true,"showVisualEffectGraphs":true,"m_FxEnabled":true},"in2DMode":false,"pivot":{"x":0.0000020265579223632814,"y":1.2653725147247315,"z":1.7881393432617188e-7},"rotation":{"x":0.02549557574093342,"y":0.010496233589947224,"z":-0.0002820218214765191,"w":0.9996393918991089},"size":3.1931772232055666,"orthographic":false}